id;updated_date;stock
67eec4019b15201e7427d7dc;2025-04-04 15:30:45 +07;1000
67eec5029b15201e7427d7dd;2025-04-04 15:30:45 +07;1000
67eec5879b15201e7427d7de;2025-04-04 15:30:45 +07;1000
67eec6cb9b15201e7427d7e0;2025-04-04 15:30:45 +07;1000
67eec6cc9b15201e7427d7e1;2025-04-04 15:30:45 +07;1000
67eec6cd9b15201e7427d7e2;2025-04-04 15:30:45 +07;1000
67eec6ce9b15201e7427d7e3;2025-04-04 15:30:45 +07;1000
67eec6cf9b15201e7427d7e4;2025-04-04 15:30:45 +07;1000
67eec6d09b15201e7427d7e5;2025-04-04 15:30:45 +07;1000
67eec6d19b15201e7427d7e6;2025-04-04 15:30:45 +07;1000
67eec6d29b15201e7427d7e7;2025-04-04 15:30:45 +07;1000
67eec6d39b15201e7427d7e8;2025-04-04 15:30:45 +07;1000
67eec6d39b15201e7427d7e9;2025-04-04 15:30:45 +07;1000
67eec6d49b15201e7427d7ea;2025-04-04 15:30:45 +07;1000
67eec6d59b15201e7427d7eb;2025-04-04 15:30:45 +07;1000
67eec6d69b15201e7427d7ec;2025-04-04 15:30:45 +07;1000
67eec6d79b15201e7427d7ed;2025-04-04 15:30:45 +07;1000
67eec6d89b15201e7427d7ee;2025-04-04 15:30:45 +07;1000
67eec6d99b15201e7427d7ef;2025-04-04 15:30:45 +07;1000
67eec6da9b15201e7427d7f0;2025-04-04 15:30:45 +07;1000
67eec6db9b15201e7427d7f1;2025-04-04 15:30:45 +07;1000
67eec6dc9b15201e7427d7f2;2025-04-04 15:30:45 +07;1000
67eec6dd9b15201e7427d7f3;2025-04-04 15:30:45 +07;1000
67eec6de9b15201e7427d7f4;2025-04-04 15:30:45 +07;1000
67eec6de9b15201e7427d7f5;2025-04-04 15:30:45 +07;1000
67eec6e09b15201e7427d7f6;2025-04-04 15:30:45 +07;1000
67eec6e09b15201e7427d7f7;2025-04-04 15:30:45 +07;1000
67eec6e19b15201e7427d7f8;2025-04-04 15:30:45 +07;1000
67eec6e29b15201e7427d7f9;2025-04-04 15:30:45 +07;1000
67eec6e39b15201e7427d7fa;2025-04-04 15:30:45 +07;1000
67eec6e49b15201e7427d7fb;2025-04-04 15:30:45 +07;1000
67eec6e59b15201e7427d7fc;2025-04-04 15:30:45 +07;1000
67eec6e69b15201e7427d7fd;2025-04-04 15:30:45 +07;1000
67eec6e79b15201e7427d7fe;2025-04-04 15:30:45 +07;1000
67eec6e89b15201e7427d7ff;2025-04-04 15:30:45 +07;1000
67eec6e89b15201e7427d800;2025-04-04 15:30:45 +07;1000
67eec6e99b15201e7427d801;2025-04-04 15:30:45 +07;1000
67eec6eb9b15201e7427d802;2025-04-04 15:30:45 +07;1000
67eec6eb9b15201e7427d803;2025-04-04 15:30:45 +07;1000
67eec6ec9b15201e7427d804;2025-04-04 15:30:45 +07;1000
67eec6ed9b15201e7427d805;2025-04-04 15:30:45 +07;1000
67eec6ee9b15201e7427d806;2025-04-04 15:30:45 +07;1000
67eec6ef9b15201e7427d807;2025-04-04 15:30:45 +07;1000
67eec6f09b15201e7427d808;2025-04-04 15:30:45 +07;1000
67eec6f19b15201e7427d809;2025-04-04 15:30:45 +07;1000
67eec6f29b15201e7427d80a;2025-04-04 15:30:45 +07;1000
67eec6f39b15201e7427d80b;2025-04-04 15:30:45 +07;1000
67eec6f39b15201e7427d80c;2025-04-04 15:30:45 +07;1000
67eec6f49b15201e7427d80d;2025-04-04 15:30:45 +07;1000
67eec6f59b15201e7427d80e;2025-04-04 15:30:45 +07;1000
